name,age,address
Jame,23,Seoul
Alice,29,Seoul
Jim,33,Busan
Jame,23,Seoul
Alice,29,Seoul
Jim,33,Busan
Jame,23,Seoul
Alice,29,Seoul
Jim,33,Busan
Jame,23,Seoul
Alice,29,Seoul
Jim,33,Busan
Jame,23,Seoul
Alice,29,Seoul
Jim,33,Busan
Jame,23,Seoul
Alice,29,Seoul
Jim,33,Busan
Jame,23,Seoul
Alice,29,Seoul
Jim,33,Busan
Jame,23,Seoul
Alice,29,Seoul
Jim,33,Busan
Jame,23,Seoul
Alice,29,Seoul
Jim,33,Busan
Jame,23,Seoul
Alice,29,Seoul
Jim,33,Busan
Jame,23,Seoul
Alice,29,Seoul
Jim,33,Busan
Jame,23,Seoul
Alice,29,Seoul
Jim,33,Busan
Jame,23,Seoul
Alice,29,Seoul
Jim,33,Busan
Jame,23,Seoul
Alice,29,Seoul
Jim,33,Busan
Jame,23,Seoul
Alice,29,Seoul
Jim,33,Busan
Jame,23,Seoul
Alice,29,Seoul
Jim,33,Busan
Jame,23,Seoul
Alice,29,Seoul
Jim,33,Busan
Jame,23,Seoul
Alice,29,Seoul
Jim,33,Busan
Jame,23,Seoul
Alice,29,Seoul
Jim,33,Busan
Jame,23,Seoul
Alice,29,Seoul
Jim,33,Busan
Jame,23,Seoul
Alice,29,Seoul
Jim,33,Busan
Jame,23,Seoul
Alice,29,Seoul
Jim,33,Busan
Jame,23,Seoul
Alice,29,Seoul
Jim,33,Busan
Jame,23,Seoul
Alice,29,Seoul
Jim,33,Busan
Jame,23,Seoul
Alice,29,Seoul
Jim,33,Busan
Jame,23,Seoul
Alice,29,Seoul
Jim,33,Busan
Jame,23,Seoul
Alice,29,Seoul
Jim,33,Busan
Jame,23,Seoul
Alice,29,Seoul
Jim,33,Busan
Jame,23,Seoul
Alice,29,Seoul
Jim,33,Busan
Jame,23,Seoul
Alice,29,Seoul
Jim,33,Busan
Jame,23,Seoul
Alice,29,Seoul
Jim,33,Busan
Jame,23,Seoul
Alice,29,Seoul
Jim,33,Busan
Jame,23,Seoul
Alice,29,Seoul
Jim,33,Busan
Jame,23,Seoul
Alice,29,Seoul
Jim,33,Busan
Jame,23,Seoul
Alice,29,Seoul
Jim,33,Busan
Jame,23,Seoul
Alice,29,Seoul
Jim,33,Busan


